q,AT,BE,DE,FR,NL,XM
2019-Q1,322.927,308.452,2626.701,2393.571,824.228,10387.535
2019-Q2,327.37,317.306,2669.499,2418.521,818.744,10489.051
2019-Q3,332.523,321.29,2695.04,2457.672,821.07,10560.402
2019-Q4,334.945,327.731,2717.303,2474.725,816.31,10570.232
2020-Q1,339.082,339.403,2760.061,2529.101,826.982,10738.065
2020-Q2,342.558,342.696,2795.635,2608.009,823.244,10903.773
2020-Q3,346.471,342.8,2817.14,2646.351,822.215,10964.175
2020-Q4,347.453,346.31,2839.038,2689.601,817.313,11006.836
2021-Q1,353.641,352.614,2878.355,2708.037,830.371,11116.316
2021-Q2,356.276,359.042,2897.488,2736.372,833.817,11173.959
2021-Q3,361.843,365.14,2933.983,2768.952,848.1,11259.26
2021-Q4,371.43,371.68,2983.945,2815.709,834.621,11410.486
2022-Q1,376.701,379.62,3033.954,2842.544,859.282,11565.288
2022-Q2,384.319,392.074,3091.899,2892.628,882.465,11769.544
2022-Q3,392.459,398.396,3171.686,2938.747,889.825,11949.262
2022-Q4,394.36,400.142,3175.9,2972.471,880.754,11930.978
2023-Q1,394.976,401.335,3185.413,2975.572,887.274,11967.88
2023-Q2,396.08,404.946,3199.082,2965.919,887.343,11970.844
2023-Q3,396.308,405.951,3201.271,2971.155,884.143,11939.234
2023-Q4,395.326,410.507,3199.789,2980.165,896.594,11963.33
2024-Q1,394.366,412.27,3204.859,2961.842,908.205,11951.779
2024-Q2,395.783,417.558,3212.388,2966.004,913.656,12003.561
2024-Q3,396.986,410.944,3219.206,2934.802,922.316,11979.75
2024-Q4,397.182,416.762,3223.703,2942.497,921.997,12032.684
2025-Q1,396.849,409.96,3233.549,2945.893,942.744,12094.074
2025-Q2,399.323,418.215,3245.977,2952.231,954.812,12194.887
2025-Q3,400.967,421.445,3264.287,2963.283,974.966,12251.363
2025-Q4,401.825,427.472,3273.103,2973.212,974.2,12326.638
2026-Q1,402.642,430.153,3281.431,2981.396,1002.334,12481.823
