,all|mort_rate,all|nfc_rate,all|hh_growth,all|nfc_growth,clean|mort_rate,clean|nfc_rate,clean|hh_growth,clean|nfc_growth
-24..-22,0.157,0.018,0.28,-1.927,0.219,0.214,0.871,-6.421
-21..-19,0.059,0.142,0.12,-0.188,0.172,0.447,-0.011,-5.249
-18..-16,0.091,0.294,0.035,-0.566,0.173,0.308,-0.322,-4.45
-15..-13,0.033,-0.172,-0.039,1.66,0.108,-0.007,-0.754,-1.438
-12..-10,-0.031,0.046,-0.462,2.907,0.021,0.174,-1.418,1.036
-9..-7,-0.049,-0.129,-0.267,2.82,0.008,-0.021,-0.888,2.329
-6..-4,-0.021,-0.083,-0.079,4.583,0.011,0.024,-0.51,4.368
-3..-1,0.0,0.0,0.0,0.0,0.0,0.0,0.0,0.0
0..2,0.108,0.165,0.227,-1.158,0.042,0.357,0.72,-1.016
3..5,0.154,-0.025,0.303,-0.685,0.155,0.268,1.023,-0.902
6..8,0.029,0.017,0.55,-2.435,0.032,0.249,1.828,-2.82
9..11,-0.263,-0.264,1.379,-0.411,-0.218,0.047,3.276,-1.892
12..14,-0.298,-0.417,1.842,1.158,-0.235,-0.223,4.3,-0.548
15..17,-0.46,-0.221,2.442,1.259,-0.279,0.235,5.45,-1.024
18..20,-0.335,-0.339,2.983,2.07,-0.157,-0.035,6.248,-0.597
21..23,-0.411,-0.417,2.913,2.748,-0.226,-0.01,6.15,0.672
24..26,-0.276,-0.152,3.22,3.11,-0.133,0.226,6.432,1.088
27..29,-0.087,0.068,3.505,6.188,0.082,0.205,6.638,4.824
30..32,-0.181,0.118,3.665,7.34,-0.013,0.294,6.729,7.566
33..35,-0.076,0.12,3.857,7.838,0.018,0.289,6.961,9.286
36..38,0.212,0.251,3.574,6.962,0.287,0.323,6.791,8.22
39..41,0.183,0.254,3.381,3.476,0.198,0.404,6.79,4.241
42..44,0.189,0.293,3.302,2.25,0.157,0.358,6.807,1.281
45..47,0.256,0.165,3.125,1.454,0.235,0.305,6.782,-0.408
