,ratio,trend_bis,gap_bis
1961-Q1,46.932171003248,,
1961-Q2,46.459334589524,,
1961-Q3,47.987120177095,,
1961-Q4,50.196558997623,,
1962-Q1,52.285044588971,,
1962-Q2,52.963168251358,,
1962-Q3,53.356361425836,,
1962-Q4,54.810061919751,,
1963-Q1,56.276522933638,,
1963-Q2,56.723104534599,,
1963-Q3,57.774447434858,,
1963-Q4,58.826258679278,,
1964-Q1,59.567176312365,,
1964-Q2,60.072175414593,,
1964-Q3,60.329831345575,,
1964-Q4,59.6034958781,,
1965-Q1,60.458171432357,,
1965-Q2,59.986831588385,,
1965-Q3,60.324396153052,,
1965-Q4,61.421760792854,,
1966-Q1,63.692752255234,,
1966-Q2,63.134553616116,,
1966-Q3,63.010588671243,,
1966-Q4,63.323365732261,,
1967-Q1,64.336771321716,,
1967-Q2,65.252609046395,,
1967-Q3,66.451980298946,,
1967-Q4,68.424732059889,,
1968-Q1,68.890360537381,,
1968-Q2,69.440246747189,,
1968-Q3,70.974077048398,,
1968-Q4,72.876820447479,,
1969-Q1,72.887185859442,,
1969-Q2,74.022673259137,,
1969-Q3,74.57455271082,,
1969-Q4,75.797267562964,,
1970-Q1,77.506415437911,,
1970-Q2,77.923417948812,,
1970-Q3,77.401554948725,,
1970-Q4,78.18493930241,,
1971-Q1,77.112601108879,78.5652,-1.4526
1971-Q2,76.977166541981,79.1023,-2.1251
1971-Q3,77.642724533986,79.6482,-2.0054
1971-Q4,78.968392375933,80.2612,-1.2928
1972-Q1,78.813947655494,80.8051,-1.9912
1972-Q2,80.871038619292,81.4769,-0.6058
1972-Q3,81.49716557749,82.144,-0.6468
1972-Q4,82.377067288679,82.8279,-0.4509
1973-Q1,84.185513383057,83.6031,0.5824
1973-Q2,86.319390433262,84.488,1.8314
1973-Q3,90.222809461847,85.6134,4.6094
1973-Q4,92.278648337238,86.8166,5.462
1974-Q1,93.11812357372,87.9986,5.1195
1974-Q2,95.174596898652,89.2526,5.922
1974-Q3,96.894245202736,90.5481,6.3461
1974-Q4,97.975420042416,91.8355,6.1399
1975-Q1,97.927982378332,93.0337,4.8943
1975-Q2,98.24849354357,94.1752,4.0733
1975-Q3,98.749573828559,95.2765,3.4731
1975-Q4,99.852681765981,96.382,3.4707
1976-Q1,100.02700844112,97.4276,2.5994
1976-Q2,103.06632337543,98.6116,4.4547
1976-Q3,104.5770146683,99.8229,4.7542
1976-Q4,105.62332266218,101.0288,4.5945
1977-Q1,107.09910184075,102.2579,4.8412
1977-Q2,110.04479276825,103.6046,6.4402
1977-Q3,112.19437105314,105.0107,7.1836
1977-Q4,117.22074437287,106.6568,10.5639
1978-Q1,120.33331956002,108.4086,11.9247
1978-Q2,124.57853103509,110.3315,14.247
1978-Q3,127.57579026702,112.3389,15.2369
1978-Q4,132.48749750691,114.5447,17.9428
1979-Q1,135.70862415102,116.8352,18.8734
1979-Q2,138.44324352934,119.1764,19.2668
1979-Q3,140.09781461188,121.5004,18.5974
1979-Q4,144.4841952948,123.9722,20.512
1980-Q1,144.46433552825,126.3213,18.1431
1980-Q2,145.83232616964,128.6355,17.1968
1980-Q3,146.84163748471,130.895,15.9466
1980-Q4,149.54906039517,133.2017,16.3474
1981-Q1,149.59005764101,135.3974,14.1927
1981-Q2,151.11376191021,137.5728,13.541
1981-Q3,150.72783223396,139.6179,11.11
1981-Q4,151.35017945801,141.5957,9.7545
1982-Q1,151.54352559773,143.4842,8.0593
1982-Q2,150.13113676513,145.1946,4.9365
1982-Q3,151.00223788782,146.8639,4.1384
1982-Q4,150.74875805795,148.4294,2.3193
1983-Q1,153.00171797406,150.0372,2.9645
1983-Q2,152.13120884896,151.509,0.6222
1983-Q3,151.75642432708,152.8775,-1.1211
1983-Q4,153.08033816034,154.2419,-1.1616
1984-Q1,153.73870214271,155.5651,-1.8264
1984-Q2,153.06851403227,156.774,-3.7055
1984-Q3,152.24570573688,157.8641,-5.6184
1984-Q4,153.76992031351,158.9704,-5.2004
1985-Q1,153.99803651031,160.0202,-6.0222
1985-Q2,153.58698911821,160.9801,-7.3931
1985-Q3,152.90800970351,161.8382,-8.9302
1985-Q4,153.32308673362,162.6588,-9.3357
1986-Q1,154.7264927515,163.4979,-8.7714
1986-Q2,156.02111444676,164.3493,-8.3282
1986-Q3,155.99129036036,165.1397,-9.1484
1986-Q4,160.95755504915,166.147,-5.1894
1987-Q1,163.81182025554,167.2483,-3.4365
1987-Q2,168.35797611252,168.5343,-0.1764
1987-Q3,165.83483432663,169.6104,-3.7756
1987-Q4,168.65091128666,170.7765,-2.1256
1988-Q1,170.94457785872,172.0015,-1.0569
1988-Q2,175.17855899733,173.3901,1.7885
1988-Q3,175.52027763512,174.724,0.7963
1988-Q4,181.48129454607,176.313,5.1683
1989-Q1,184.60153554745,177.9939,6.6077
1989-Q2,187.28447438152,179.7397,7.5447
1989-Q3,185.61938014258,181.31,4.3093
1989-Q4,185.75727110369,182.8084,2.9489
1990-Q1,188.51537610503,184.3802,4.1351
1990-Q2,191.68586786268,186.046,5.6399
1990-Q3,193.31520154501,187.7184,5.5968
1990-Q4,194.55242532571,189.3755,5.177
1991-Q1,197.14689324492,191.0918,6.0551
1991-Q2,195.44363445879,192.6302,2.8135
1991-Q3,195.15813546959,194.073,1.0851
1991-Q4,197.66601863713,195.5758,2.0902
1992-Q1,199.52778728246,197.1014,2.4263
1992-Q2,200.90656321742,198.6228,2.2838
1992-Q3,203.46605932926,200.2045,3.2616
1992-Q4,205.23639509914,201.8015,3.4349
1993-Q1,207.86482089976,203.4602,4.4046
1993-Q2,206.70865660852,204.9716,1.737
1993-Q3,205.7161652191,206.3487,-0.6326
1993-Q4,208.55048031933,207.8046,0.7459
1994-Q1,212.27813788048,209.3859,2.8922
1994-Q2,213.52145305022,210.9532,2.5682
1994-Q3,213.53243330046,212.4393,1.0931
1994-Q4,214.69654466894,213.9094,0.7871
1995-Q1,214.43599729796,215.2861,-0.8501
1995-Q2,216.20514206599,216.6829,-0.4777
1995-Q3,213.81435439677,217.8716,-4.0573
1995-Q4,213.07065856075,218.9484,-5.8778
1996-Q1,216.56136771939,220.1483,-3.5869
1996-Q2,218.71789865592,221.3949,-2.677
1996-Q3,219.91200015731,222.6346,-2.7226
1996-Q4,221.78278748694,223.9046,-2.1218
1997-Q1,229.24180022137,225.5101,3.7317
1997-Q2,233.70281348805,227.2775,6.4253
1997-Q3,236.4774878262,229.11,7.3675
1997-Q4,227.53390292086,230.3641,-2.8302
1998-Q1,233.65549720989,231.8802,1.7753
1998-Q2,234.66226702057,233.3712,1.2911
1998-Q3,238.57558609173,234.9967,3.5788
1998-Q4,240.04465161482,236.6192,3.4254
1999-Q1,245.73240512896,238.4694,7.263
1999-Q2,247.75496392353,240.3402,7.4147
1999-Q3,251.32042994571,242.3152,9.0052
1999-Q4,253.71046251047,244.3267,9.3837
2000-Q1,254.17493248885,246.268,7.9069
2000-Q2,255.76984179045,248.2025,7.5673
2000-Q3,257.90940202,250.1599,7.7495
2000-Q4,260.38544917347,252.1576,8.2279
2001-Q1,255.87150856605,253.8116,2.0599
2001-Q2,255.85570575604,255.3774,0.4783
2001-Q3,254.91426252794,256.8068,-1.8925
2001-Q4,257.08445750799,258.2738,-1.1893
2002-Q1,256.48486666987,259.6258,-3.141
2002-Q2,254.62193087612,260.7972,-6.1753
2002-Q3,257.46419204714,262.0505,-4.5863
2002-Q4,257.21946129532,263.2148,-5.9953
2003-Q1,257.93340183428,264.3452,-6.4118
2003-Q2,260.37399431075,265.5374,-5.1634
2003-Q3,263.36881417511,266.8203,-3.4515
2003-Q4,274.68141941016,268.6467,6.0348
2004-Q1,274.01282866676,270.3458,3.6671
2004-Q2,273.24750058774,271.9157,1.3318
2004-Q3,273.57910491459,273.4199,0.1592
2004-Q4,275.68308385411,274.9572,0.7259
2005-Q1,275.84450799096,276.4203,-0.5758
2005-Q2,281.81527254301,278.1291,3.6861
2005-Q3,283.23472019285,279.8278,3.4069
2005-Q4,281.08311298838,281.3211,-0.238
2006-Q1,279.83977707906,282.6643,-2.8245
2006-Q2,277.93218284541,283.8254,-5.8932
2006-Q3,279.18978346557,284.9827,-5.7929
2006-Q4,276.35814711584,285.9129,-9.5547
2007-Q1,278.21750779478,286.8792,-8.6617
2007-Q2,276.95677973574,287.7104,-10.7537
2007-Q3,277.50160449629,288.5095,-11.0079
2007-Q4,275.70850217217,289.1498,-13.4413
2008-Q1,278.69383612633,289.8977,-11.2039
2008-Q2,280.81314420185,290.7034,-9.8903
2008-Q3,279.4106277725,291.3732,-11.9625
2008-Q4,278.99454123028,291.9651,-12.9706
2009-Q1,283.57007129387,292.755,-9.185
2009-Q2,288.56870087074,293.761,-5.1923
2009-Q3,292.77510254428,294.934,-2.1589
2009-Q4,292.41944850829,296.0201,-3.6007
2010-Q1,299.63726783076,297.4361,2.2012
2010-Q2,305.1841494343,299.0813,6.1029
2010-Q3,307.12080271836,300.7518,6.369
2010-Q4,309.90266333652,302.4929,7.4097
2011-Q1,311.77041435821,304.2524,7.5181
2011-Q2,316.84661343562,306.2047,10.6419
2011-Q3,318.90605020526,308.1793,10.7267
2011-Q4,324.29021552802,310.3569,13.9334
2012-Q1,327.35662903577,312.6044,14.7522
2012-Q2,331.81645238269,314.9956,16.8208
2012-Q3,333.67935128485,317.3838,16.2955
2012-Q4,333.80465167183,319.6733,14.1313
2013-Q1,335.02212664509,321.9259,13.0962
2013-Q2,336.66206199512,324.1651,12.497
2013-Q3,337.66507606838,326.3559,11.3092
2013-Q4,337.4007325435,328.4298,8.9709
2014-Q1,337.40796343185,330.4045,7.0034
2014-Q2,339.31486882637,332.3863,6.9286
2014-Q3,340.12164050056,334.3144,5.8072
2014-Q4,346.44170585947,336.4917,9.95
2015-Q1,352.50262770037,338.8966,13.606
2015-Q2,350.815603095,341.0987,9.7169
2015-Q3,348.18709794511,343.0516,5.1355
2015-Q4,346.33775564635,344.8044,1.5334
2016-Q1,345.82882829194,346.4359,-0.607
2016-Q2,345.33097559601,347.95,-2.619
2016-Q3,352.08302118239,349.7465,2.3365
2016-Q4,349.13363089247,351.2871,-2.1534
2017-Q1,350.58395334421,352.8194,-2.2354
2017-Q2,348.65278378445,354.1589,-5.5061
2017-Q3,348.61082701748,355.4144,-6.8035
2017-Q4,344.90519560065,356.3881,-11.4829
2018-Q1,344.57575960653,357.2729,-12.6971
2018-Q2,340.35462918811,357.859,-17.5043
2018-Q3,337.59275171889,358.235,-20.6423
2018-Q4,335.0030163518,358.4172,-23.4142
2019-Q1,331.86897793561,358.382,-26.513
2019-Q2,327.92531818036,358.0923,-30.167
2019-Q3,324.80114322813,357.6012,-32.8001
2019-Q4,320.15571987297,356.8325,-36.6768
2020-Q1,322.6894988064,356.1881,-33.4986
2020-Q2,329.87104391972,355.9201,-26.049
2020-Q3,332.06906336149,355.7469,-23.6778
2020-Q4,329.89090169887,355.4277,-25.5368
2021-Q1,343.07903291593,355.8078,-12.7288
2021-Q2,334.9361891781,355.7024,-20.7662
2021-Q3,327.92494214779,355.1873,-27.2624
2021-Q4,321.62573382884,354.314,-32.6883
2022-Q1,315.96725090245,353.1288,-37.1616
2022-Q2,311.46530630844,351.7051,-40.2398
2022-Q3,310.18939937945,350.2276,-40.0382
2022-Q4,301.48920087806,348.2936,-46.8044
2023-Q1,291.2301491605,345.8324,-54.6022
2023-Q2,288.2290757132,343.2577,-55.0286
2023-Q3,287.55161816267,340.7021,-53.1505
2023-Q4,285.21812008629,338.077,-52.8589
2024-Q1,280.5980398687,335.2616,-54.6635
2024-Q2,277.70953733845,332.3581,-54.6485
2024-Q3,275.50229529587,329.4087,-53.9064
2024-Q4,272.7067692098,326.3848,-53.678
2025-Q1,269.71905077349,323.2804,-53.5613
2025-Q2,266.50236910436,320.0875,-53.5851
2025-Q3,264.87631561885,316.8979,-52.0215
2025-Q4,263.88777109952,313.7487,-49.8609
2026-Q1,263.42988413228,310.67,-47.2401
