,ratio,gap_bis,gap_hp1s,gap_hp2s,gap_ham8,gap_ham20,gap_ham8_rt,gap_ham20_rt,gap_hp2s_vintage,chg_3y,chg_5y
1961-Q1,46.932171003248,,,6.069012329578243,,,,,,,
1961-Q2,46.459334589524,,,4.552110508427283,,,,,,,
1961-Q3,47.987120177095,,,5.035815516040479,,,,,,,
1961-Q4,50.196558997623,,,6.2011320312727065,,,,,,,
1962-Q1,52.285044588971,,,7.245414449641039,,,,,,,
1962-Q2,52.963168251358,,,6.879199426188492,,,,,,,
1962-Q3,53.356361425836,,,6.227845643254959,,,,,,,
1962-Q4,54.810061919751,,,6.636700951475781,,,,,,,
1963-Q1,56.276522933638,,,7.057913025061161,,,,,,,
1963-Q2,56.723104534599,,,6.458719813035934,,,,,,,
1963-Q3,57.774447434858,,,6.4636222647643535,,,,,,,
1963-Q4,58.826258679278,,,6.468171515450173,-4.5824987641747725,,,,,,
1964-Q1,59.567176312365,,,6.16083354088444,-7.784867159241493,,,,,12.635005309116998,
1964-Q2,60.072175414593,,,5.616395182397433,-6.660365204576145,,,,,13.612840825069,
1964-Q3,60.329831345575,,,4.823228158374562,-4.992540134491378,,,,,12.342711168480001,
1964-Q4,59.6034958781,,,3.0444665593892424,-7.083945561170744,,,,,9.406936880476998,
1965-Q1,60.458171432357,,,2.8448830653445256,-8.493352395356219,,,,,8.173126843386001,
1965-Q2,59.986831588385,,,1.3172139048270708,-8.970218064177999,,,,,7.023663337027003,
1965-Q3,60.324396153052,,,0.59613442104488,-9.363050671756433,,,,,6.968034727216001,
1965-Q4,61.421760792854,,,0.6322925237992081,-9.15560428053584,,,,,6.611698873103002,
1966-Q1,63.692752255234,,,1.839265713502222,-7.664135249012986,,,,,7.416229321595999,16.760581251985997
1966-Q2,63.134553616116,,,0.21398623831576913,-8.133697545081212,,,,,6.411449081516999,16.675219026592004
1966-Q3,63.010588671243,,,-0.9803775319435815,-7.771745982722422,,,,,5.236141236385002,15.023468494147998
1966-Q4,63.323365732261,,,-1.7415732465218312,-5.21115561152029,-20.58276300758498,,,,4.497107052983004,13.126806734638002
1967-Q1,64.336771321716,,,-1.8059678928211724,-5.722087811861144,-25.011847372622142,,,,4.769595009351001,12.051726732745003
1967-Q2,65.252609046395,,,-1.9720070200696682,-3.665681942912542,-24.530466136415313,,,,5.180433631801996,12.289440795036995
1967-Q3,66.451980298946,,,-1.8588338767146695,-3.5458415372766865,-21.133185660309792,,,,6.122148953370996,13.095618873109999
1967-Q4,68.424732059889,,,-0.9768411933139873,-3.3711071920799753,-18.849085938920396,,,,8.821236181788997,13.614670140137996
1968-Q1,68.890360537381,,,-1.6067678257036704,-7.765331327087253,-21.010652914394242,,,,8.432189105024001,12.613837603743
1968-Q2,69.440246747189,,,-2.1574653800068404,-5.075223669481531,-21.62259661395781,,,,9.453415158803992,12.717142212589991
1968-Q3,70.974077048398,,,-1.7294761021090181,-1.9904163983212726,-19.80946247264859,,,,10.649680895346002,13.199629613540004
1968-Q4,72.876820447479,,,-0.9380541968463092,0.6654285037175356,-18.492712229363093,,,,11.455059654625003,14.050561768201007
1969-Q1,72.887185859442,,,-2.0447096368255586,-1.844463087603046,-19.73495220311345,,,,9.194433604208001,13.320009547077
1969-Q2,74.022673259137,,,-2.032158989678095,-2.4691306634418737,-18.419514174643822,,,,10.888119643020993,13.950497844543996
1969-Q3,74.57455271082,,,-2.6093436218551744,-3.7997475294612997,-17.177116393412163,,,,11.563964039577002,14.244721365244999
1969-Q4,75.797267562964,,,-2.5220265351936035,-5.585241703681618,-14.011446045012747,,,,12.473901830702992,16.193771684863997
1970-Q1,77.506415437911,,,-1.954809934302105,-3.531850707213664,-12.163420502341964,,,,13.169644116195002,17.048244005554004
1970-Q2,77.923417948812,,,-2.6864657279141397,-2.8166620062782926,-11.743059450145921,,,,12.670808902417008,17.936586360427
1970-Q3,77.401554948725,,,-4.363902697831236,-4.98420623927494,-13.002056708967359,,,,10.94957464977901,17.077158795673007
1970-Q4,78.18493930241,,0.22846357343189538,-4.7431898979886,-7.483010643664059,-13.23612918689291,,,,9.760207242521005,16.763178509556
1971-Q1,77.112601108879,,-1.4525672068135975,-6.98546823831262,-7.422280759493276,-19.295086218158858,,,,8.222240571498006,13.419848853645007
1971-Q2,76.977166541981,,-2.1250937096761504,-8.298270695917964,-8.371655092504298,-20.03230963790604,,,,7.536919794792013,13.842612925865005
1971-Q3,77.642724533986,,-2.0054291541677998,-8.817650025827632,-7.331934608654322,-16.57085396875982,,,,6.6686474855879965,14.632135862742999
1971-Q4,78.968392375933,,-1.2928292534492556,-8.684609878618858,-8.184056616076134,-12.841490505909675,,,,6.091571928454002,15.645026643672004
1972-Q1,78.813947655494,,-1.9911768302668378,-10.039471564110897,-10.79638968163647,-15.57685653704742,,,,5.926761796052006,14.477176333778004
1972-Q2,80.871038619292,,-0.6058216905421006,-9.190664021647294,-8.589176925506948,-15.946171823487347,,,,6.848365360155,15.618429572897
1972-Q3,81.49716557749,,-0.6467945278859304,-9.780739028352642,-5.453146075360564,-17.314307850457837,,,,6.9226128666699935,15.045185278543997
1972-Q4,82.377067288679,,-0.45085366026056306,-10.124986936263483,-5.020420778794389,-18.99537422528627,,,,6.579799725715006,13.952335228790005
1973-Q1,84.185513383057,,0.5824079602368357,-9.548642773961731,-0.6403822257251477,-18.269344568109872,,,,6.6790979451459975,15.295152845676
1973-Q2,86.319390433262,,1.8313590931682455,-8.654799315122006,1.4319171225495495,-15.29914710413125,,,,8.395972484449999,16.879143686073007
1973-Q3,90.222809461847,,4.60939137828737,-5.999301011897003,4.153135220176011,-11.566881930509638,,,,12.821254513122,19.248732413449005
1973-Q4,92.278648337238,,5.462005646920318,-5.1992038335681485,2.7266688895163185,-13.099857746721497,,,,14.093709034827995,19.40182788975899
1974-Q1,93.11812357372,,5.119511773335333,-5.62321010530529,4.2250677112269415,-12.962592895445411,,,,16.005522464840993,20.230937714278
1974-Q2,95.174596898652,,5.922039699451389,-4.837863941194726,2.713109450344092,-10.102144662764047,,,,18.197430356670992,21.151923639515005
1974-Q3,96.894245202736,,6.346141367508352,-4.396880233954533,4.369028546658413,-7.8636295254218,,,,19.251520668750004,22.319692491916
1974-Q4,97.975420042416,,6.139947378436133,-4.6017871159008905,4.150509827336364,-8.813066383597672,,,,19.007027666482998,22.17815247945201
1975-Q1,97.927982378332,,4.894250311044075,-5.9425923229533595,2.0378749192849313,-10.996202412040716,,,,19.114034722838,20.421566940421002
1975-Q2,98.24849354357,,4.073263205688576,-6.92259171411763,-1.161408578833445,-11.890860180744099,,,,17.377454924278013,20.325075594758005
1975-Q3,98.749573828559,,3.473089518965125,-7.729007334575584,-7.446865157089803,-8.939684171000266,,,,17.252408251069,21.348018879833987
1975-Q4,99.852681765981,,3.470721354407928,-7.940205680776771,-8.140265427731165,-6.194948668433867,,,,17.475614477302003,21.667742463571003
1976-Q1,100.02700844112,,2.5993971734865937,-9.086801374050538,-6.8070256359449814,-4.779481104823901,-1.2279906122967077,0.5594733655060935,,15.841495058063003,22.914407332240998
1976-Q2,103.06632337543,,4.454694804304097,-7.374810749041913,-4.681388836430742,-0.9424977248809512,-2.099013576253668,3.3023341201064937,,16.746932942168,26.089156833448996
1976-Q3,104.5770146683,,4.754164476307977,-7.197608845457523,-4.773332961771743,0.3916033751077208,-2.88043302932563,3.228927416746089,,14.354205206452988,26.934290134313997
1976-Q4,105.62332266218,,4.594547663106184,-7.4907000229160445,-4.556034339927052,-2.6177735593342106,-1.7799324971416297,3.6950875286938185,,13.344674324942005,26.654930286246994
1977-Q1,107.09910184075,,4.841182836478623,-7.359956505783998,-0.8681360756494314,-2.171115636758117,-0.22333047786068505,5.283897890344946,,13.980978267029997,28.28515418525599
1977-Q2,110.04479276825,,6.440225412657256,-5.764645711117836,2.8897137745945116,-0.9326362654291387,1.380857488657142,5.020598465420832,,14.870195869598007,29.17375414895801
1977-Q3,112.19437105314,,7.183643681749089,-4.970481611862766,4.77934497885343,-0.055792777559389606,1.8250183987925226,5.435528132998314,,15.300125850404001,30.69720547565001
1977-Q4,117.22074437287,,10.56393403236946,-1.3042317003597788,7.609316132214758,3.4405462119383543,5.161688306619837,9.00962894470726,,19.245324330453997,34.843677084191
1978-Q1,120.33331956002,,11.924717273929645,0.44384811238413135,10.916393223225455,5.804612136424311,7.726406150014554,7.853195588418814,,22.405337181687997,36.147806176963
1978-Q2,124.57853103509,,14.246989882865563,3.3205327638612516,9.391283905135737,6.149763536297868,6.977183529397593,7.582256495019195,,26.330037491519988,38.259140601827994
1978-Q3,127.57579026702,,15.236850017359615,4.945573130383693,10.560563797791104,2.8644788104858776,7.492753699710178,2.561998381386985,,28.826216438461003,37.35298080517299
1978-Q4,132.48749750691,,17.94277698578682,8.481700569091643,14.48099093559317,3.852206345225227,12.888796749423236,3.96726385098475,,32.634815740928985,40.20884916967199
1979-Q1,135.70862415102,,18.873444873825648,10.324205218352546,17.30480188331059,7.698548661325248,11.806803001297993,5.304079516715916,,35.68161570989999,42.59050057729999
1979-Q2,138.44324352934,,19.266841598567822,11.677457946012368,15.40004638306128,12.137592653727538,8.714202150218824,4.127318250327221,,35.37692015391001,43.26864663068801
1979-Q3,140.09781461188,,18.597375519598188,11.948189449423978,14.168337236980094,12.100676751489004,7.6813321731713415,2.9254673148423365,,35.520799943580016,43.20356940914401
1979-Q4,144.4841952948,,20.512043618583263,14.94850015844537,10.114749523114796,14.873698875291268,3.5418739391442386,4.927632874940258,,38.86087263262,46.508775252384
1980-Q1,144.46433552825,,18.143069647712906,13.54055268645098,7.062502693946357,17.021845426066207,0.5319813470326267,5.206858492155106,,37.365233687499995,46.536353149917986
1980-Q2,145.83232616964,,17.196818747316286,13.51861318282485,2.8682041938388068,20.476374597671168,-1.7991703031915733,5.604704841088221,,35.78753340138999,47.58383262606999
1980-Q3,146.84163748471,,15.946642083826504,13.136293353899248,2.668856046258867,21.796551468450232,-4.430818729398595,5.2859057937079115,,34.64726643156999,48.092063656151
1980-Q4,149.54906039517,,16.347378443595744,14.450491765443587,-1.1609361660077298,22.39132123499948,-7.228842799671128,5.125601009970779,,32.32831602229999,49.696378629188985
1981-Q1,149.59005764101,,14.192667107293943,13.096745960773859,-3.2608350811958076,21.661178930348612,-9.564343566809413,4.569406520496443,,29.25673808098999,49.56304919988999
1981-Q2,151.11376191021,,13.540956348075866,13.224227304966746,-3.50781652967612,19.405295937812127,-8.115335604825589,0.009779547548475875,,26.535230875120007,48.04743853478
1981-Q3,150.72783223396,,11.10997814109092,11.440600764444042,-2.5793417918146986,15.275446730145973,-10.488028075371005,-2.2958415271136516,,23.15204196693999,46.15081756565999
1981-Q4,151.35017945801,,9.754454223051596,10.663750059619304,-7.962295480255051,13.970249975361327,-16.28769864015345,-3.472702420889192,,18.8626819511,45.72685679582999
1982-Q1,151.54352559773,,8.059320405299758,9.456341479024076,-4.549308484634423,15.273899516326878,-10.91646679201358,-5.465287940059483,,15.834901446710006,44.44442375698
1982-Q2,150.13113676513,,4.9365329011441474,6.641558748454742,-6.511475085690677,10.245413534389002,-10.431746656298486,-10.81525631150896,,11.68789323579,40.086343996880004
1982-Q3,151.00223788782,,4.1383744096747535,6.108520768454014,-4.461291963252819,6.8067082793218106,-13.531828148096395,-12.09826217811306,,10.90442327593999,38.80786683468
1982-Q4,150.74875805795,,2.3193086590451912,4.4490340002079165,-9.9194806962536,-0.3389749028435176,-15.660935812370525,-15.40475870732132,,6.264562763149996,33.52801368508
1983-Q1,153.00171797406,,2.9644856432084623,5.293981239990472,-6.020002416651323,-3.220756685076367,-9.118246858705334,-15.438526632296032,,8.53738244581001,32.66839841404
1983-Q2,152.13120884896,,0.6222000723822134,3.013304675760594,-8.671305429012534,-9.2677366246389,-10.090563486898105,-17.564461584821714,,6.298882679320002,27.552677813870005
1983-Q3,151.75642432708,,-1.1210980875722214,1.2260356921441655,-6.035867449463751,-10.896142187785244,-7.901862220373459,-22.113691331856188,,4.914786842370006,24.18063406006
1983-Q4,153.08033816034,,-1.161608726854837,1.1349782479954058,-5.659575518870099,-14.63077830469166,-5.976408696546258,-21.509174427200804,,3.5312777651700173,20.592840653430017
1984-Q1,153.73870214271,,-1.8263997372973222,0.37571127912914903,-4.334142517660808,-17.24408900987791,-5.542895702203538,-24.504740690890003,,4.148644501700005,18.030077991690007
1984-Q2,153.06851403227,,-3.705522741680994,-1.7149431519753193,-2.069472223077099,-19.866080739797837,-0.592044918864076,-25.8712850856256,,1.9547521220600004,14.625270502929993
1984-Q3,152.24570573688,,-5.6184262371948535,-3.9612297723369068,-4.5130316299587605,-18.577034640639397,-4.649293246876795,-32.144693913219385,,1.5178735029200254,12.147891125000001
1984-Q4,153.76992031351,,-5.200442874331856,-3.8636778725068552,-2.540578658090652,-20.32267282806751,-3.132153483561865,-32.41936231855246,,2.4197408555000095,9.285725018709996
1985-Q1,153.99803651031,,-6.022156719350903,-5.06557114878197,-7.89680263303913,-20.310180056159055,-7.886847429422431,-28.982347076481858,,2.454510912579991,9.533700982059997
1985-Q2,153.58698911821,,-7.393094593983847,-6.91012759548434,-5.502638845527713,-19.36087162856998,-4.148780563281065,-26.77274937094529,,3.4558523530799903,7.754662948570001
1985-Q3,152.90800970351,,-8.930235686772335,-9.026255767638219,-5.107761543848625,-17.25291444989017,-1.2812673837162265,-32.72824747443886,,1.9057718156900023,6.066372218800012
1985-Q4,153.32308673362,,-9.335707058388266,-10.052090043838888,-6.231361066856493,-21.51686776390264,-5.663640634141018,-29.605767734419516,,2.574328675669989,3.7740263384499997
1986-Q1,154.7264927515,,-8.771416263272698,-10.093458161492123,-6.695646987766253,-20.74111433929488,-5.550801995575512,-22.908764407429487,,1.7247747774399897,5.136435110489998
1986-Q2,156.02111444676,,-8.328179890517248,-10.247548581128541,-3.757410855756774,-19.696333456464203,-0.34565620146503306,-20.948113666969334,,3.889905597800009,4.9073525365500075
1986-Q3,155.99129036036,,-9.148414413854539,-11.730072678283335,-1.054448604370208,-17.12817332088551,2.4663291626996227,-18.041925468004507,,4.234866033280014,5.263458126400025
1986-Q4,160.95755504915,,-5.189415528253903,-8.220520193730238,0.8016080699490544,-12.230165855365982,1.5825255804431322,-12.031799768759527,,7.877216888809983,9.607375591139999
1987-Q1,163.81182025554,,-3.436523643470565,-6.826974357501314,2.756907878336108,-8.423461703581893,3.465781635260157,-9.019076818210976,,10.073118112830002,12.268294657810003
1987-Q2,168.35797611252,,-0.17636766807808613,-3.7455194577482587,8.057614780090205,-2.252693724840441,10.44683031634196,0.38508669345438307,,15.28946208024999,18.226839347389983
1987-Q3,165.83483432663,,-3.77558185074858,-7.737301141636891,8.032346279089126,-3.8666270875035593,9.562253568539234,-5.438814374385345,,13.589128589749976,14.832596438809986
1987-Q4,168.65091128666,,-2.125628848308139,-6.393751010284319,9.889508559107384,-1.6731067762264331,9.81633003335503,-2.282489037370823,,14.880990973150006,17.902153228710006
1988-Q1,170.94457785872,,-1.0568763738748714,-5.576426844234817,8.80490416784778,-4.087052218749989,7.221998829039364,-4.360824743796002,,16.946541348410022,17.94285988466001
1988-Q2,175.17855899733,,1.788458950308069,-2.8225163512450706,10.184671150728292,0.3252970199016829,8.907726282255737,3.192691921207171,,21.591569879119987,23.047350148369986
1988-Q3,175.52027763512,,0.7963252189971683,-3.964495319894695,11.502705964951787,2.4019534841799555,11.45258040282286,5.697428542022749,,22.612267931610006,23.763853308040012
1988-Q4,181.48129454607,,5.168301035219116,0.5093053588773273,8.248295360692822,9.372912937488366,4.215666885409291,5.8404372088274386,,28.15820781245,28.400956385729984
1989-Q1,184.60153554745,,6.607661154661287,2.1389297486605585,7.120001508796889,8.99544489471441,2.561828404523453,7.9571022327783965,,29.87504279595001,30.86283340474
1989-Q2,187.28447438152,,7.544735746526385,3.327968564771112,2.008917328751295,11.954550579751611,0.2800206214094203,13.613855632729042,,31.26335993475999,34.21596034925
1989-Q3,185.61938014258,,4.30934508306629,0.1658025272408281,10.802859194446114,14.067780359416702,9.813546016839467,12.307325695699689,,29.628089782220002,33.3736744057
1989-Q4,185.75727110369,,2.9489035620987636,-1.1964467850600329,7.739736460370324,13.357074067593771,6.835428026517093,6.888529023271133,,24.79971605454,31.98735079017999
1990-Q1,188.51537610503,,4.13514505906511,0.05855235935260339,8.643326834477676,13.198647897678427,2.8891553510327412,9.403038325217693,,24.703555849489987,34.51733959472
1990-Q2,191.68586786268,,5.639876323407265,1.7230785589795232,2.243204251259698,16.153752777756836,-1.54522389840551,14.986384534051183,,23.327891750160006,38.09887874447
1990-Q3,193.31520154501,,5.596834311958645,1.8436927182306988,6.527976808444947,21.226636413932425,3.446085214366917,15.982736104575423,,27.480367218380024,40.40719184150001
1990-Q4,194.55242532571,,5.176962805130273,1.5695444391398041,-2.0668240933356117,22.668683048768912,-4.8699952076048305,14.50634707919474,,25.90151403905,41.229338592090016
1991-Q1,197.14689324492,,6.055081737486432,2.650084580958776,-1.9396036083493016,22.023894420072935,-7.10249321969377,13.495612538644167,,26.202315386199984,42.420400493420004
1991-Q2,195.44363445879,,2.813452455635172,-0.5695648049116357,-6.89806002308805,16.263926703070922,-7.76713193683824,11.106818252997613,,20.265075461460015,39.42252001202999
1991-Q3,195.15813546959,,1.0851322260516554,-2.373830946162144,1.8805336103782793,15.713348550178665,0.6886633772335529,12.746438368106993,,19.637857834469997,39.166845109229996
1991-Q4,197.66601863713,,2.0902215811155145,-1.3870037890313824,6.7109166271317235,12.952765948059493,4.974564352923579,4.351908058029807,,16.18472409106002,36.70846358798002
1992-Q1,199.52778728246,,2.4263383471871123,-1.0484863839405705,4.166587078476169,7.372339268814443,-1.0734219498246205,3.473944984723346,,14.926251735009998,35.71596702692
1992-Q2,200.90656321742,,2.2837777936603914,-1.1950598230114906,-1.8112102506769645,0.5543569050780093,-6.1831969586392574,3.3220018542034495,,13.622088835900001,32.54858710490001
1992-Q3,203.46605932926,,3.2616047429896753,-0.16291150174004088,-1.2782840920361025,9.727628260095088,-3.927425131114802,11.178667985552295,,17.846679186679978,37.63122500263
1992-Q4,205.23639509914,,3.434933530862935,0.0781807659374465,0.9651585670578982,14.685025892419702,-1.2657216805513087,8.135121656154979,,19.47912399545001,36.58548381247999
1993-Q1,207.86482089976,,4.404620725016571,1.1755704649034442,0.9797923342771355,16.244829740438064,-2.3691240384759737,2.982740473432983,,19.349444794730005,36.92024304103998
1993-Q2,206.70865660852,,1.7370077209359351,-1.5133196107114202,5.399674674446516,4.075874240175864,2.5369119530815,-0.4006255116852344,,15.02278874583999,31.53009761119
1993-Q3,205.7161652191,,-0.6325638510418514,-4.040126489422704,6.277039265503873,2.7611567181585883,3.8820649005251653,0.713352131072952,,12.40096367408998,30.19588758397998
1993-Q4,208.55048031933,,0.7458913544022607,-2.7416128222969576,5.086317358675501,0.46852804299709305,-0.016821014702799175,-4.591956683787146,,13.998054993620002,27.069185773260017
1994-Q1,212.27813788048,,2.8922099082427053,-0.5511287766444752,4.0485263524471975,-0.724202182978388,-0.4627670377211359,-5.522576086178617,,15.131244635559995,27.67660233302999
1994-Q2,213.52145305022,,2.5682344141445412,-0.8462384893434205,3.1912540364546658,-4.363304131418687,0.04527232722392682,-2.3768859980029333,,18.077818591430002,26.236978668700004
1994-Q3,213.53243330046,,1.0931439485956957,-2.37481239521,0.287566669414133,4.125469702476096,-3.3315071765185564,0.43733600983122756,,18.374297830870006,27.91305315788
1994-Q4,214.69654466894,,0.7871218341566077,-2.7512602476343204,-0.1547508213320441,11.47913133150243,-3.884613888252403,0.37429497509188536,,17.030526031809984,28.939273565250005
1995-Q1,214.43599729796,,-0.8500556277927842,-4.553241758415368,-4.00552403461532,9.895273998975256,-7.117139146026574,-7.0806869464510385,,14.908210015500003,25.920621192930014
1995-Q2,216.20514206599,,-0.4777134106923029,-4.326269025031678,2.982023058100026,2.127267763680379,-0.024545140204224936,-7.718973347364312,,15.298578848570003,24.519274203310005
1995-Q3,213.81435439677,,-4.057284647685606,-8.259818216587377,4.446583966436378,-4.801410882639146,1.8654880592463599,-9.236067398291055,,10.348295067510008,20.499152851759987
1995-Q4,213.07065856075,,-5.877758465057184,-10.54670583980402,-0.972224085075112,-4.517766591789012,-5.3284031840680655,-10.201675139193043,,7.834263461609993,18.518233235039986
1996-Q1,216.56136771939,,-3.58688479839563,-8.599438860847584,-5.9594812608492305,-1.5823745758657708,-9.805240204300276,-10.712168438564987,,8.696546819630015,19.414474474470012
1996-Q2,218.71789865592,,-2.677023917426169,-7.986394257349559,-5.679090420138124,3.0834673627033453,-8.166843865605642,-4.261659257361714,,12.009242047400022,23.27426419713001
1996-Q3,219.91200015731,,-2.7225939920167264,-8.33559550460376,-1.2726905406245521,8.696961861877554,-3.3637047219223177,-2.2594409380897105,,14.195834938209998,24.753864687719982
1996-Q4,221.78278748694,,-2.121825664948773,-8.007679635508197,1.0819221616246466,9.905571955015319,-1.8825380033853492,-6.896137509921857,,13.232307167610003,24.11676884981
1997-Q1,229.24180022137,,3.7317308755803253,-2.0908385307921833,10.183584461194727,9.86732164682033,6.541193557645869,-0.6900703828173391,,16.96366234089001,29.714012938910003
1997-Q2,233.70281348805,,6.425268259062818,0.8289914989043154,11.16496193124118,10.815846003194707,7.538661180235266,3.9669435819831733,,20.181360437829994,32.79625027063
1997-Q3,236.4774878262,,7.367455768917779,2.0637647818075777,20.08839144899099,12.167520285169587,14.829343726823225,3.0157695051403834,,22.945054525739977,33.01142849694
1997-Q4,227.53390292086,,-2.830223054869606,-8.41814728051483,12.58523948052607,0.8775223285516631,7.8469542174201194,-7.433686441994013,,12.837358251919994,22.29750782171999
1998-Q1,233.65549720989,,1.775255267998915,-3.833019693087323,11.743212612014446,3.846473435870138,5.594571066347811,-3.7554147780397784,,19.21949991193,25.79067631013001
1998-Q2,234.66226702057,,1.291051175039172,-4.36054852614609,6.9318834976535015,7.855900741581024,1.7260333675546349,0.16370099747572908,,18.457124954579996,27.95361041205001
1998-Q3,238.57558609173,,3.5788465474941233,-1.9790428558280553,9.138373400348513,17.418852100912716,5.438289860470974,5.414664048453574,,24.761231694960003,32.85942087263001
1998-Q4,240.04465161482,,3.425443356280482,-2.038977404278995,9.891469192193682,18.620263626516504,5.304695524249951,0.19991373905534715,,26.973993054070007,31.49417129548999
1999-Q1,245.73240512896,,7.262988662323039,2.122922401632536,1.9198250873107838,14.183504546591166,-2.136653628803856,1.1869087783701673,,29.171037409570005,33.45426724848002
1999-Q2,247.75496392353,,7.414732995553976,2.623111982741534,-2.8110725384217403,10.281033601042992,-5.88124106256106,4.6730925571866635,,29.03706526760999,34.233510873309996
1999-Q3,251.32042994571,,9.005241176304963,4.670026110377222,-0.9670025832430156,17.352799871213705,-2.538398389787659,8.966648015820738,,31.408429788400014,37.78799664524999
1999-Q4,253.71046251047,,9.383748910925021,5.54565036587897,27.38031880273877,23.129328478962947,15.15448404008967,8.477146712072226,,31.927675023529986,39.01391784153
2000-Q1,254.17493248885,,7.906916594769513,4.500170211590955,17.0841906851021,24.461205230013945,9.374656640780529,8.917801941652783,,24.933132267480005,39.738935190890004
2000-Q2,255.76984179045,,7.5673165269049605,4.589888284291362,17.168796780036274,23.99716133646649,7.320339631656452,8.003453620485374,,22.06702830239999,39.564699724459985
2000-Q3,257.90940202,,7.7495082454449005,5.229305665462789,6.582373300871495,29.4456407374239,2.92983767258346,12.692542361818568,,21.431914193800026,44.095047623230016
2000-Q4,260.38544917347,,8.227887066019491,6.210536353107159,11.22706471000572,35.531497209131004,4.705301611433413,15.302331896889342,,32.851546252610035,47.31479061272003
2001-Q1,255.87150856605,,2.059927945213616,0.20737059118232537,-3.321282517997247,28.058619597140478,-6.779244174880205,4.365318015833395,,22.21601135616001,39.310140846660005
2001-Q2,255.85570575604,,0.47830695981582494,-1.2918166595846117,-3.4399545950866752,18.135641333182036,-8.635560321549264,3.591545396275535,,21.19343873547001,37.13780710012
2001-Q3,254.91426252794,,-1.8925018127241344,-3.7105547306932465,-8.997047566186012,13.37205815760268,-12.184735669758226,3.3555114486569835,,16.338676436209994,35.00226237063001
2001-Q4,257.08445750799,,-1.1892972624156641,-3.011312882361608,-6.704948003211371,16.682649005173886,-11.734574781597019,2.531232505898174,,17.039805893170012,35.30167002105
2002-Q1,256.48486666987,,-3.1409781323234824,-5.0752537509809486,-5.458081129600657,6.163284313245526,-11.035436190945859,-6.669317631337378,,10.752461540909962,27.243066448499974
2002-Q2,254.62193087612,,-6.175269615086421,-8.395667555800202,-7.469050194375569,-7.5462871345806946,-13.397918217768591,-10.429233929894764,,6.866966952589991,20.919117388069992
2002-Q3,257.46419204714,,-4.586289898260816,-7.0037307700739575,-7.074346156828483,-8.620719897142578,-12.976173811544982,-8.022793694097913,,6.143762101429985,20.98670422094
2002-Q4,257.21946129532,,-5.995292951493525,-8.691329685897983,-11.422635959152899,12.794873243060039,-15.907178361820002,-0.17838993403881886,,3.5089987848500073,29.685558374460015
2003-Q1,257.93340183428,,-6.411770489824221,-9.412480984811111,1.0378132659130301,19.473387007566828,-6.707243385623656,-8.104537011613957,,3.758469345430001,24.277904624390004
2003-Q2,260.37399431075,,-5.1634190488125,-8.398862186918223,4.85870230996872,15.445998319776919,-2.5558512003520946,-9.065639862317482,,4.604152520300005,25.711727290179994
2003-Q3,263.36881417511,,-3.4515199392391764,-6.822532477471782,10.353010952787855,1.8685719707798398,0.26210571797270177,-5.8136192272583,,5.4594121551099875,24.79322808338
2003-Q4,274.68141941016,,6.034768676382157,3.0804524878512325,13.712690941450262,15.343433613679565,7.091461127724017,2.3120154499130194,,14.295970236689982,34.636767795340006
2004-Q1,274.01282866676,,3.667073778515089,1.0115147777651146,14.448566388624897,7.12354727554839,6.699114776288923,-3.1697503494665966,,18.141320100710004,28.280423537800004
2004-Q2,273.24750058774,,1.3318239945243135,-1.1444912481771325,17.462574121076614,3.270282544222482,9.338734277660535,-6.2564871539260025,,17.39179483169997,25.49253666420998
2004-Q3,273.57910491459,,0.15920167752040015,-2.193502660549086,12.772743243059779,-0.1796659493510333,5.087376688695258,-8.228465706161955,,18.664842386650008,22.25867496888
2004-Q4,275.68308385411,,0.725900401728552,-1.4596812033865376,14.989830605656607,2.774371269947153,6.41731926593593,-9.69327817902905,,18.59862634612,21.972621343640014
2005-Q1,275.84450799096,-0.5758,-0.5758076563186592,-2.6575547591086774,13.060116845540904,3.561334362372463,6.497485676424219,-9.480820081620209,,19.35964132109001,21.66957550210998
2005-Q2,281.81527254301,3.6861,3.686131697033545,1.9651770722784363,15.905154497678836,11.956860532720555,8.57342864488919,-5.927850574439162,,27.193341666890007,26.04543075256001
2005-Q3,283.23472019285,3.4069,3.406918209982109,2.0482687993753075,11.436377288767517,11.818981673252779,5.542263795360725,-7.09375151084447,,25.77052814570999,25.32531817284996
2005-Q4,281.08311298838,-0.238,-0.23797397729384784,-1.4276106168500746,-13.023712133309402,4.932440800023016,-10.992023287464974,-10.811328053404452,,23.86365169305998,20.69766381490996
2006-Q1,279.83977707906,-2.8245,-2.824536247566755,-3.9827332345419677,-8.23479954778611,10.76226117995617,-9.485525679554826,-6.977740968128046,,21.90637524478001,23.968268513010003
2006-Q2,277.93218284541,-5.8932,-5.893198764595752,-7.189223311758099,-3.4472876236675347,16.70899136925584,-5.4815118193866965,-9.356551545540128,,17.55818853466002,22.07647708937
2006-Q3,279.18978346557,-5.7929,-5.79288937023199,-7.217212352103047,4.716774941792096,21.267181150698605,-5.480735082849662,-8.813027150691369,,15.82096929045997,24.275520937629977
2006-Q4,276.35814711584,-9.5547,-9.554728849048388,-11.320698887962976,-3.2007145861547315,10.275654318105069,-11.265355210005282,-11.883892182986017,,1.6767277056799799,19.273689607849974
2007-Q1,278.21750779478,-8.6617,-8.661708834071987,-10.718997586433431,-1.7431624882889878,10.646291542256677,-9.16238290764511,-9.05666065223869,,4.204679128019961,21.732641124910003
2007-Q2,276.95677973574,-10.7537,-10.753652994262438,-13.222714578072555,-14.848142151607078,12.19123760939243,-17.415553060878153,-7.212863083657339,,3.7092791480000074,22.334848859619996
2007-Q3,277.50160449629,-11.0079,-11.007852730451418,-13.905701871724602,-14.69957301550221,12.870902248711559,-18.253288559540977,-10.350309916347555,,3.922499581699981,20.037412449149997
2007-Q4,275.70850217217,-13.4413,-13.441285035405144,-16.910899881277487,-9.916302858922677,7.387573476155865,-14.29999976446453,-11.507337951381032,,0.02541831805996253,18.48904087684997
2008-Q1,278.69383612633,-11.2039,-11.203881869873442,-15.121370989154457,-0.11041299814718286,7.968097500601118,-8.884274354513423,-8.161943287228041,,2.8493281353700013,20.76043429204998
2008-Q2,280.81314420185,-9.8903,-9.890291212004854,-14.18096082039915,6.239181878227157,9.30297938756894,-4.68494278436458,-9.116850760412888,,-1.0021283411600166,20.439149891099987
2008-Q3,279.4106277725,-11.9625,-11.962548671201773,-16.744813665937784,-0.034399537450156004,0.9265391457594205,-8.262239471001124,-13.074817472178381,,-3.8240924203499844,16.04181359738999
2008-Q4,278.99454123028,-12.9706,-12.970603613338824,-18.303985346064508,4.401756212594535,-17.787489866322176,-4.902523494710522,-21.23254651405739,,-2.088571758099988,4.313121820119989
2009-Q1,283.57007129387,-9.185,-9.184977460957725,-14.85255749235938,3.512799997387333,-19.13270202062796,-2.846800447581643,-15.993525867915594,,3.7302942148099874,9.557242627109986
2009-Q2,288.56870087074,-5.1923,-5.192318293179312,-10.95826978764893,11.639393728905361,-5.19994351447076,2.9086388122134395,-10.034374976820288,,10.636518025329963,15.321200282999996
2009-Q3,292.77510254428,-2.1589,-2.1589430282335798,-7.835635107445796,12.978797069118457,13.583332478700527,6.750962795531507,-9.810803213583483,,13.585319078710029,19.195997629689998
2009-Q4,292.41944850829,-3.6007,-3.6007000422438864,-9.253639321178468,17.49137798564857,8.658518009029706,8.363156588203083,-11.421434824036112,,16.06130139244999,16.736364654179965
2010-Q1,299.63726783076,2.2012,2.20120269384563,-3.075891834997549,17.303183023421127,12.713333404261107,10.884149026554837,-3.9053686999982347,,21.419760035980005,23.7927598398
2010-Q2,305.1841494343,6.1029,6.102860636274556,1.4540809336645566,18.790144059377212,10.153326557653202,12.381920836127392,-3.2766736272971,,28.22736969856004,23.36887689129003
2010-Q3,307.12080271836,6.369,6.368971826198106,2.3978807339449304,23.654051722200336,6.932221142253013,17.61739939443146,-2.8293947190509243,,29.619198222069997,23.886082525510005
2010-Q4,309.90266333652,7.4097,7.409723479546017,4.211831933908627,29.734675984534874,13.52466138205341,21.208186803542446,2.003717628030074,,34.19416116435002,28.819550348140012
2011-Q1,311.77041435821,7.5181,7.51805056226317,5.137500322768574,22.910710398131926,27.425572092083428,15.327901734510306,3.2515583998248303,,33.076578231880035,31.930637279150005
2011-Q2,316.84661343562,10.6419,10.641878790426063,9.298315742917964,17.11465613433046,37.772802824900396,12.832525446543741,8.854615222656662,,36.033469233770006,38.914430590209975
2011-Q3,318.90605020526,10.7267,10.726732203896972,10.469927177319335,12.118598905402166,36.65738878359514,10.744578866072459,9.959355782772775,,39.495422432759995,39.71626673969001
2011-Q4,324.29021552802,13.9334,13.933361364548489,14.994661587525911,23.607711691808504,42.93732452020413,18.517084600191765,17.027491979267495,,45.29567429773999,47.93206841218
2012-Q1,327.35662903577,14.7522,14.752210769583826,17.230848531253002,15.934025992813645,43.856563960100914,11.733226474536764,18.865549516853605,,43.786557741900026,49.13912124099005
2012-Q2,331.81645238269,16.8208,16.820810223457215,20.890422101871877,12.793855616879341,49.209461240177916,7.790243370187625,22.72118989260855,,43.247751511950014,54.85967264695
2012-Q3,333.67935128485,16.2955,16.2955227973859,21.983777377522756,13.287612120628864,48.37398622109953,9.735771404316779,25.215032821517298,,40.90424874056998,56.17774678856
2012-Q4,333.80465167183,14.1313,14.131340681215704,21.370917423800677,14.439315807212608,52.693898476110064,8.305561212234238,24.57069230579441,,41.38520316354004,58.096149499660044
2013-Q1,335.02212664509,13.0962,13.096236857275187,21.88223751873727,16.62150716985343,49.68911190998267,8.057594905616781,23.991338586217182,,35.384858814330016,56.328290518760014
2013-Q2,336.66206199512,12.497,12.496966478411423,22.84859220210069,9.94224686259264,45.43195177561694,2.7866899647716536,23.50882668816007,,31.47791256081996,55.848917793270004
2013-Q3,337.66507606838,11.3092,11.309168945423323,23.2111138640351,9.96692099102006,45.062935706714484,1.91175963953242,26.66114936021603,,30.544273350020035,58.254448295880024
2013-Q4,337.4007325435,8.9709,8.970894994530283,22.339823105374194,1.3433489148273452,51.23119358317251,-4.540810552946596,24.208016625679306,,27.498069206980006,58.406191313220006
2014-Q1,337.40796343185,7.0034,7.0034271150108225,21.774050831907232,-0.04827445280233178,47.066868841779126,-7.403867880906773,19.553920009145656,,25.637549073640002,53.83789213798002
2014-Q2,339.31486882637,6.9286,6.928575606562049,23.14224018143551,-4.133404635932209,35.10429232198459,-9.6966658652114,19.167606522638778,,22.468255390750016,50.74616795563003
2014-Q3,340.12164050056,5.8072,5.807195913388,23.444871537193194,-1.8481404757572477,25.5436467944337,-9.445194870944647,18.26704648296726,,21.21559029529999,47.346537956279974
2014-Q4,346.44170585947,9.95,9.950004204835807,29.295603058364065,7.918347816372886,35.66441215167902,-1.002730028204553,22.337887758129,,22.15149033145002,54.02225735118003
2015-Q1,352.50262770037,13.606,13.605989656512634,34.92216968417296,15.053667390894248,38.84678802247686,4.136394859150869,19.892635759565792,,25.145998664599972,52.86535986961002
2015-Q2,350.815603095,9.7169,9.716888118368274,32.83586738930728,11.448382610397857,27.133455213740604,0.13595259060008402,12.02331259689538,,18.999150712309984,45.63145366069995
2015-Q3,348.18709794511,5.1355,5.135536011019838,29.843173673040326,7.411977028885417,17.87046817583763,-3.3502127598269453,9.61468653117845,,14.507746660260011,41.066295226750015
2015-Q4,346.33775564635,1.5334,1.5333799248192008,27.664661438876806,7.61082823231078,20.845462916279928,-3.7831901677452606,2.798098801166418,,12.533103974519975,36.43509230983
2016-Q1,345.82882829194,-0.607,-0.6070322719463661,26.861437679957533,8.462263260710131,22.524227551053457,-3.668756196373465,-1.3266470498581953,,10.806701646850001,34.05841393372998
2016-Q2,345.33097559601,-2.619,-2.6189913040751662,26.103947848679525,4.546795483453593,15.875881424896477,-7.081986190506882,-6.2385326014635325,,8.668913600889994,28.484362160389992
2016-Q3,352.08302118239,2.3365,2.3365313233752545,32.630734153545916,9.752791761431638,18.738076855587224,-1.4453197708925245,-1.6176516541013939,,14.417945114009967,33.17697097713
2016-Q4,349.13363089247,-2.1534,-2.153438315736139,29.490115760750143,-5.945361244919695,9.567878216444626,-13.237505034642481,-8.580688852631909,,11.732898348970025,24.84341536445004
2017-Q1,350.58395334421,-2.2354,-2.2354490356599968,30.782813036220148,-14.647116471562413,8.317559880163117,-19.42028239778267,-10.960409430242521,,13.175989912359967,23.22732430843996
2017-Q2,348.65278378445,-5.5061,-5.506110130528782,28.72711924947464,-9.586398853060189,0.9196896294822068,-15.515413561773016,-15.718410963786653,,9.337914958079978,16.836331401759992
2017-Q3,348.61082701748,-6.8035,-6.803548218065316,28.593160270449346,1.7334017468190268,1.5705540864515228,-8.700489352826537,-18.66573940582896,,8.489186516920029,14.93147573263002
2017-Q4,344.90519560065,-11.4829,-11.482898871412942,24.827397904341865,5.261818464506291,1.1113339160543205,-9.693143508724688,-22.508267282438737,,-1.5365102588199875,11.100543928820002
2018-Q1,344.57575960653,-12.6971,-12.697137497638494,24.46897998866916,3.771291737494323,5.098168469734787,-10.079943231127515,-25.641201528397005,,-7.926868093839971,9.55363296144003
2018-Q2,340.35462918811,-17.5043,-17.504328927676738,20.249232372873564,-1.8351348204161013,-0.339080023442591,-13.992313164564678,-31.34236495756022,,-10.46097390688999,3.6925671929899977
2018-Q3,337.59275171889,-20.6423,-20.64227335552954,17.5182569544574,-20.465852841514845,-5.680889785436364,-26.909707194914745,-33.63371214843255,,-10.594346226220011,-0.07232434949003164
2018-Q4,335.0030163518,-23.4142,-23.414155174020323,14.98804678727197,-16.041683795797667,-6.801399780914096,-23.947257009188434,-35.15098284635508,,-11.33473929454999,-2.397716191699999
2019-Q1,331.86897793561,-26.513,-26.512997391840827,11.941216825366098,-21.302517943466682,-7.292769278234232,-27.156383373107133,-37.88297230187209,,-13.95985035632998,-5.538985496240002
2019-Q2,327.92531818036,-30.167,-30.166965200658694,8.111471413941501,-16.948027442904106,-12.902622858948689,-26.87591393480386,-43.04077765332539,,-17.405657415649955,-11.38955064600998
2019-Q3,324.80114322813,-32.8001,-32.8000667691648,5.126909477197728,-22.010677890882903,-19.421669311029632,-29.542463954105983,-45.39628406636558,,-27.281877954259983,-15.320497272429975
2019-Q4,320.15571987297,-36.6768,-36.676809403103164,0.6457703126260981,-18.30387092310866,-33.79746119006552,-26.756242029722557,-53.4836652570408,,-28.977911019500027,-26.28598598650001
2020-Q1,322.6894988064,-33.4986,-33.498564480720404,3.3674642979144664,-17.118264634954585,-43.81191477949744,-23.84581273544967,-53.663777522297835,,-27.894454537809963,-29.813128893969974
2020-Q2,329.87104391972,-26.049,-26.04902805396796,10.759513396104921,-2.0741661439704444,-37.07436278665887,-9.8036472510787,-43.94550256576309,,-18.781739864729957,-20.94455917527995
2020-Q3,332.06906336149,-23.6778,-23.677828054822612,13.189575408839005,2.524068653485017,-19.408762328809757,-4.183068177149039,-40.33266637546586,,-16.541763655989996,-16.118034583619988
2020-Q4,329.89090169887,-25.5368,-25.536765287433298,11.263917657574666,3.9532809376555633,-8.967953573974398,-3.457751931690723,-43.18613667980395,,-15.014293901780036,-16.446853947480008
2021-Q1,343.07903291593,-12.7288,-12.728812672540187,24.723903906741555,19.605872440650785,3.842426319772869,12.036928261655703,-28.34395345183026,,-1.4967266906000418,-2.749795376010013
2021-Q2,334.9361891781,-20.7662,-20.766178688264688,16.871127942335306,16.617454857170344,-6.973040298161436,8.472262690498667,-34.20161587223828,,-5.418440010009988,-10.394786417909984
2021-Q3,327.92494214779,-27.2624,-27.26237661786888,10.16696123757157,12.843051822991356,-26.19125513771513,4.4062788482773385,-45.85053400175576,,-9.667809571100008,-24.158079034600007
2021-Q4,321.62573382884,-32.6883,-32.688314001387425,4.190603429276166,12.559498916786822,-35.37422896692141,3.495363904690578,-47.06774725059137,,-13.377282522960002,-27.507897063630026
2022-Q1,315.96725090245,-37.1616,-37.161591071949374,-1.1305265857682798,-2.9554284443402707,-39.04205701979981,-9.529759659182446,-52.699477026194074,-37.161591071949374,-15.90172703316,-34.61670244175997
2022-Q2,311.46530630844,-40.2398,-40.23982273073034,-5.281894128667545,-25.705331221932056,-34.223045155555496,-27.848607426682918,-55.438735074704425,,-16.460011871920017,-37.187477476009974
2022-Q3,310.18939937945,-40.0382,-40.03823886552294,-6.195275301390893,-32.893732707172944,-36.93621129041031,-33.861411042773625,-54.965938998922866,,-14.611743848680021,-38.421427638030025
2022-Q4,301.48920087806,-46.8044,-46.80441617170533,-14.52226157123232,-32.823022569732814,-38.715871712186356,-34.809816198817316,-56.46590008718266,,-18.666518994910007,-43.41599472259003
2023-Q1,291.2301491605,-54.6022,-54.602233218590186,-24.39866132364773,-65.85615504872129,-47.39048913663254,-57.680512731250985,-64.74138259594446,-54.602233218590186,-31.459349645900033,-53.34561044603004
2023-Q2,288.2290757132,-55.0286,-55.0286103396254,-27.00885350823887,-48.188955537377694,-44.84986512534368,-48.152759258194635,-58.68851439457637,,-41.641968206520005,-52.125553474909964
2023-Q3,287.55161816267,-53.1505,-53.150527953681205,-27.288349937874273,-33.39628005200717,-42.14568079625093,-34.06417291610802,-54.0356808350478,,-44.517445198819985,-50.04113355621996
2023-Q4,285.21812008629,-52.8589,-52.85892019096059,-29.21788895241866,-16.616731988392075,-39.561772174457474,-25.981305553264463,-50.787508445840785,,-44.67278161257997,-49.784896265509985
2024-Q1,280.5980398687,-54.6635,-54.66353765187591,-33.42902586360191,-18.005284839700664,-43.18594468505245,-24.307383576093457,-50.47204763624137,,-62.48099304722996,-51.27093806690999
2024-Q2,277.70953733845,-54.6485,-54.648548789785764,-35.904541494521595,-19.012485059698918,-41.40925135697023,-23.169719260811576,-45.72152017606544,,-57.22665183965,-50.21578084191003
2024-Q3,275.50229529587,-53.9064,-53.9063630433904,-37.69561012393069,-25.30300654890192,-39.339664238414116,-27.45767932042662,-42.582322790662715,,-52.42264685191998,-49.29884793226
2024-Q4,272.7067692098,-53.678,-53.678007204606104,-40.072543600718575,-15.053767280892998,-37.29475068019576,-16.655546441754893,-36.8561633745623,,-48.918964619040025,-47.448950663170024
2025-Q1,269.71905077349,-53.5613,-53.561302016960326,-42.63992331033916,-1.3591084029991976,-45.58127965569133,-2.734447675653996,-50.49321892574545,,-46.248200128960036,-52.97044803291004
2025-Q2,266.50236910436,-53.5851,-53.58508124275204,-45.435093032717305,-3.3625598010482918,-67.42152678666974,-5.018855704073587,-71.85225072210045,,-44.96293720407999,-63.36867481536001
2025-Q3,264.87631561885,-52.0215,-52.02154022119248,-46.63892764894956,-13.008259602137628,-84.52729579732454,-13.59750273390273,-85.75441836077306,,-45.313083760599966,-67.19274774264
2025-Q4,263.88777109952,-49.8609,-49.86088359832371,-47.204899086279795,-17.180963049634272,-79.01845234930414,-17.339112495979293,-76.86496720705992,,-37.601429778539966,-66.00313059934996
2026-Q1,263.42988413228,-47.2401,-47.24009487128296,-47.24009487128296,-10.545488817824946,-87.36141691043451,-10.545488817824946,-87.36141691043451,,-27.800265028219997,-79.64914878364999
