quarter,hh_debt_eur_bn
2015-Q1,823.826
2015-Q2,824.998
2015-Q3,827.745
2015-Q4,832.945
2016-Q1,838.891
2016-Q2,842.244
2016-Q3,846.533
2016-Q4,848.994
2017-Q1,856.153
2017-Q2,860.181
2017-Q3,864.074
2017-Q4,869.087
2018-Q1,874.833
2018-Q2,879.636
2018-Q3,884.14
2018-Q4,889.357
2019-Q1,894.332
2019-Q2,899.516
2019-Q3,903.371
2019-Q4,909.852
2020-Q1,915.5
2020-Q2,920.885
2020-Q3,926.995
2020-Q4,937.237
2021-Q1,946.892
2021-Q2,956.667
2021-Q3,966.922
2021-Q4,972.453
2022-Q1,985.065
2022-Q2,997.904
2022-Q3,1005.997
2022-Q4,1009.411
2023-Q1,1015.62
2023-Q2,1020.688
2023-Q3,1026.209
2023-Q4,1016.443
2024-Q1,1024.75
2024-Q2,1034.292
2024-Q3,1046.258
2024-Q4,1056.255
2025-Q1,1067.519
2025-Q2,1079.305
2025-Q3,1092.656
2025-Q4,1105.398
2026-Q1,1118.712
