date,CET1 %,req ex-CCyB %,RWA bn,headroom bn,CCyB bn,CCyB as % of headroom
2021-Q4,17.7,10.0,330.0,25.4,3.3,13.0
2021-Q4,17.7,10.0,600.0,46.2,3.3,7.0
2021-Q4,17.7,10.0,750.0,57.8,3.3,6.0
2021-Q4,17.7,11.0,330.0,22.1,3.3,15.0
2021-Q4,17.7,11.0,600.0,40.2,3.3,8.0
2021-Q4,17.7,11.0,750.0,50.2,3.3,7.0
2021-Q4,17.7,12.0,330.0,18.8,3.3,18.0
2021-Q4,17.7,12.0,600.0,34.2,3.3,10.0
2021-Q4,17.7,12.0,750.0,42.7,3.3,8.0
2022-Q4,16.3,10.0,330.0,20.8,6.699999999999999,32.0
2022-Q4,16.3,10.0,600.0,37.8,6.699999999999999,18.0
2022-Q4,16.3,10.0,750.0,47.2,6.699999999999999,14.0
2022-Q4,16.3,11.0,330.0,17.5,6.699999999999999,38.0
2022-Q4,16.3,11.0,600.0,31.8,6.699999999999999,21.0
2022-Q4,16.3,11.0,750.0,39.8,6.699999999999999,17.0
2022-Q4,16.3,12.0,330.0,14.2,6.699999999999999,47.0
2022-Q4,16.3,12.0,600.0,25.8,6.699999999999999,26.0
2022-Q4,16.3,12.0,750.0,32.3,6.699999999999999,21.0
