month,gdp,hicp,dfr
2018-01-01,,1.500,-0.400
2018-02-01,,1.300,-0.400
2018-03-01,96.863,1.000,-0.400
2018-04-01,,1.000,-0.400
2018-05-01,,1.900,-0.400
2018-06-01,97.305,1.700,-0.400
2018-07-01,,1.900,-0.400
2018-08-01,,1.900,-0.400
2018-09-01,97.552,1.600,-0.400
2018-10-01,,1.900,-0.400
2018-11-01,,1.800,-0.400
2018-12-01,97.823,1.800,-0.400
2019-01-01,,2.000,-0.400
2019-02-01,,2.600,-0.400
2019-03-01,99.047,2.900,-0.400
2019-04-01,,3.000,-0.400
2019-05-01,,2.300,-0.400
2019-06-01,99.491,2.700,-0.400
2019-07-01,,2.600,-0.400
2019-08-01,,3.100,-0.400
2019-09-01,99.945,2.700,-0.500
2019-10-01,,2.800,-0.500
2019-11-01,,2.600,-0.500
2019-12-01,100.000,2.800,-0.500
2020-01-01,,1.700,-0.500
2020-02-01,,1.300,-0.500
2020-03-01,98.948,1.100,-0.500
2020-04-01,,1.000,-0.500
2020-05-01,,1.100,-0.500
2020-06-01,90.709,1.700,-0.500
2020-07-01,,1.600,-0.500
2020-08-01,,0.300,-0.500
2020-09-01,96.625,1.000,-0.500
2020-10-01,,1.200,-0.500
2020-11-01,,0.700,-0.500
2020-12-01,96.942,0.900,-0.500
2021-01-01,,1.600,-0.500
2021-02-01,,1.900,-0.500
2021-03-01,97.944,1.900,-0.500
2021-04-01,,1.700,-0.500
2021-05-01,,2.000,-0.500
2021-06-01,101.790,1.700,-0.500
2021-07-01,,1.400,-0.500
2021-08-01,,2.700,-0.500
2021-09-01,103.603,3.000,-0.500
2021-10-01,,3.700,-0.500
2021-11-01,,5.900,-0.500
2021-12-01,103.661,6.400,-0.500
2022-01-01,,7.600,-0.500
2022-02-01,,7.300,-0.500
2022-03-01,104.999,11.700,-0.500
2022-04-01,,11.200,-0.500
2022-05-01,,10.200,-0.500
2022-06-01,107.487,9.900,-0.500
2022-07-01,,11.600,0.000
2022-08-01,,13.700,0.000
2022-09-01,107.542,17.100,0.750
2022-10-01,,16.800,0.750
2022-11-01,,11.300,1.500
2022-12-01,107.366,11.000,2.000
2023-01-01,,8.400,2.000
2023-02-01,,8.900,2.500
2023-03-01,106.879,4.500,3.000
2023-04-01,,5.800,3.000
2023-05-01,,6.800,3.250
2023-06-01,106.407,6.400,3.500
2023-07-01,,5.300,3.500
2023-08-01,,3.400,3.750
2023-09-01,105.668,-0.300,4.000
2023-10-01,,-1.000,4.000
2023-11-01,,1.400,4.000
2023-12-01,105.952,1.000,4.000
2024-01-01,,3.100,4.000
2024-02-01,,2.700,4.000
2024-03-01,106.289,3.100,4.000
2024-04-01,,2.600,4.000
2024-05-01,,2.700,4.000
2024-06-01,107.161,3.400,3.750
2024-07-01,,3.500,3.750
2024-08-01,,3.300,3.750
2024-09-01,107.788,3.300,3.500
2024-10-01,,3.300,3.250
2024-11-01,,3.800,3.250
2024-12-01,108.191,3.900,3.000
2025-01-01,,3.000,3.000
2025-02-01,,3.500,2.750
2025-03-01,108.462,3.400,2.500
2025-04-01,,4.100,2.250
2025-05-01,,2.900,2.250
2025-06-01,108.789,2.800,2.000
2025-07-01,,2.500,2.000
2025-08-01,,2.400,2.000
2025-09-01,109.214,3.000,2.000
2025-10-01,,3.000,2.000
2025-11-01,,2.600,2.000
2025-12-01,109.725,2.500,2.000
2026-01-01,,,2.000
2026-02-01,,,2.000
2026-03-01,110.019,,2.000
2026-04-01,,,2.000
2026-05-01,,,2.000
2026-06-01,110.716,,2.250
2026-07-01,,,2.250
2026-08-01,,,2.250
2026-09-01,,,2.500
2026-10-01,,,2.500
