q,N628,N771,R628,R771
2005-Q1,93.7657,3.8285,102.0106,2.1635
2005-Q2,94.8511,3.823,102.3204,2.2578
2005-Q3,96.1173,3.8659,103.4629,2.0755
2005-Q4,96.5825,4.0733,103.6307,2.1957
2006-Q1,97.6549,4.1477,105.0727,3.0017
2006-Q2,98.934,4.3046,105.3394,2.9505
2006-Q3,100.0711,4.1135,106.4634,2.9001
2006-Q4,100.9368,4.5084,107.4426,3.6784
2007-Q1,102.2805,4.7367,108.3441,3.1135
2007-Q2,103.185,4.2967,107.9332,2.4624
2007-Q3,105.2006,5.1259,110.4959,3.7877
2007-Q4,106.1826,5.1971,111.0265,3.3356
2008-Q1,106.2472,3.8782,110.1883,1.7022
2008-Q2,106.4151,3.1305,108.802,0.805
2008-Q3,107.7718,2.4441,109.7196,-0.7026
2008-Q4,105.5624,-0.5841,107.8659,-2.8467
2009-Q1,104.477,-1.6661,106.2747,-3.5518
2009-Q2,101.4665,-4.6503,102.0973,-6.1623
2009-Q3,100.575,-6.6779,102.1052,-6.9399
2009-Q4,100.4974,-4.798,101.7482,-5.6716
2010-Q1,100.1874,-4.1059,101.0205,-4.9439
2010-Q2,100.0711,-1.3753,99.7221,-2.3265
2010-Q3,100.1615,-0.4111,100.1248,-1.9396
2010-Q4,99.5801,-0.9128,99.1458,-2.5578
2011-Q1,99.6964,-0.4901,98.6844,-2.3125
2011-Q2,98.3397,-1.7301,95.9653,-3.7673
2011-Q3,97.8745,-2.2833,95.1071,-5.0114
2011-Q4,96.1561,-3.4384,93.3928,-5.8025
2012-Q1,94.3213,-5.3914,91.0997,-7.6858
2012-Q2,92.7579,-5.676,88.5681,-7.7082
2012-Q3,89.153,-8.9109,84.6906,-10.9523
2012-Q4,89.5277,-6.8933,84.5512,-9.4671
2013-Q1,87.0857,-7.6712,81.6936,-10.3251
2013-Q2,85.3027,-8.0373,79.2639,-10.5051
2013-Q3,85.8453,-3.7101,79.3424,-6.315
2013-Q4,85.5611,-4.4307,79.562,-5.9009
2014-Q1,86.0004,-1.2463,79.7998,-2.3183
2014-Q2,86.3751,1.2572,79.4832,0.2767
2014-Q3,86.9307,1.2643,79.6215,0.3518
2014-Q4,87.3054,2.0387,80.4589,1.1273
2015-Q1,88.1194,2.4639,81.6362,2.3013
2015-Q2,89.0238,3.0666,81.2001,2.1601
2015-Q3,90.5743,4.1914,82.3533,3.4309
2015-Q4,91.0912,4.3362,83.4322,3.6954
2016-Q1,91.9956,4.3988,84.7278,3.787
2016-Q2,93.2877,4.7896,85.0854,4.7849
2016-Q3,95.6134,5.5635,86.9312,5.5588
2016-Q4,96.9055,6.383,88.153,5.6583
2017-Q1,98.8436,7.4438,89.6685,5.8312
2017-Q2,100.5233,7.7562,90.557,6.4306
2017-Q3,103.3659,8.1081,92.6885,6.6229
2017-Q4,105.5624,8.9333,94.7414,7.4738
2018-Q1,107.8881,9.1503,96.6843,7.8241
2018-Q2,109.9554,9.383,97.5739,7.7487
2018-Q3,113.444,9.75,99.6997,7.5642
2018-Q4,114.9945,8.9351,101.1537,6.7682
2019-Q1,116.9326,8.3832,102.1897,5.6943
2019-Q2,118.4831,7.7556,102.4188,4.9654
2019-Q3,120.6796,6.3781,103.3035,3.6147
2019-Q4,122.4885,6.5169,104.9487,3.7517
2020-Q1,124.9435,6.8508,107.4667,5.1639
2020-Q2,127.9152,7.9607,109.1406,6.5631
2020-Q3,130.887,8.4582,110.7603,7.2184
2020-Q4,133.0835,8.6498,112.8903,7.5671
2021-Q1,137.8642,10.3413,116.5295,8.4331
2021-Q2,143.9369,12.5253,120.3924,10.3094
2021-Q3,152.077,16.1895,125.9581,13.7213
2021-Q4,157.7621,18.5437,127.7308,13.146
2022-Q1,164.0933,19.0253,129.0916,10.7802
2022-Q2,169.1324,17.5045,129.841,7.8482
2022-Q3,170.4244,12.0646,125.7396,-0.1735
2022-Q4,166.6774,5.6511,121.3061,-5.0299
2023-Q1,164.2225,0.0787,121.1682,-6.1378
2023-Q2,162.2844,-4.0489,117.9282,-9.1749
2023-Q3,164.0933,-3.7149,118.0294,-6.1319
2023-Q4,166.9358,0.155,120.5153,-0.6519
2024-Q1,170.2952,3.6979,121.9622,0.6554
2024-Q2,174.6883,7.6433,123.3785,4.6217
2024-Q3,181.1487,10.3937,125.793,6.5777
2024-Q4,185.0249,10.8359,128.5809,6.6926
2025-Q1,188.6427,10.7739,130.487,6.9897
2025-Q2,191.356,9.5414,130.7001,5.9342
2025-Q3,195.4907,7.9173,131.8578,4.8212
2025-Q4,196.3951,6.1453,132.5948,3.1217
2026-Q1,198.3332,5.137,133.8369,2.5672
