q,H,N,P
2005-Q1,111.6,165.7,29.0
2005-Q2,112.3,171.3,29.8
2005-Q3,113.5,171.4,29.3
2005-Q4,114.1,168.3,28.8
2006-Q1,114.2,166.9,28.5
2006-Q2,114.8,164.0,28.4
2006-Q3,115.0,165.1,29.3
2006-Q4,115.7,161.2,29.2
2007-Q1,116.3,162.5,29.1
2007-Q2,116.3,161.1,28.5
2007-Q3,116.7,161.3,28.1
2007-Q4,116.0,160.2,28.3
2008-Q1,115.6,163.9,29.1
2008-Q2,115.7,166.1,29.3
2008-Q3,115.8,164.4,29.7
2008-Q4,116.8,162.8,30.1
2009-Q1,118.4,165.8,30.9
2009-Q2,120.6,168.6,30.9
2009-Q3,122.9,170.4,31.6
2009-Q4,125.0,167.5,31.4
2010-Q1,126.0,173.7,31.6
2010-Q2,126.3,178.9,32.4
2010-Q3,126.3,180.8,32.3
2010-Q4,126.1,183.8,32.0
2011-Q1,125.5,186.2,31.6
2011-Q2,125.5,191.3,31.8
2011-Q3,125.4,193.5,32.7
2011-Q4,125.2,199.1,33.3
2012-Q1,125.2,202.1,34.1
2012-Q2,125.4,206.4,34.6
2012-Q3,125.8,207.9,34.9
2012-Q4,125.7,208.1,35.0
2013-Q1,125.2,209.8,34.8
2013-Q2,124.4,212.3,35.0
2013-Q3,124.5,213.1,35.0
2013-Q4,122.8,214.6,34.7
2014-Q1,122.3,215.1,34.8
2014-Q2,121.7,217.6,35.0
2014-Q3,121.1,219.0,35.5
2014-Q4,120.7,225.7,36.5
2015-Q1,120.9,231.6,37.1
2015-Q2,120.1,230.7,36.5
2015-Q3,119.2,229.0,36.2
2015-Q4,119.1,227.2,35.9
2016-Q1,119.0,226.8,36.0
2016-Q2,118.7,226.7,35.9
2016-Q3,118.5,233.5,36.2
2016-Q4,117.9,231.3,35.7
2017-Q1,117.7,232.9,35.4
2017-Q2,117.0,231.7,35.1
2017-Q3,116.3,232.3,35.0
2017-Q4,115.7,229.2,34.8
2018-Q1,115.0,229.6,34.4
2018-Q2,114.3,226.1,33.5
2018-Q3,113.6,224.0,33.0
2018-Q4,113.0,222.1,32.0
2019-Q1,112.1,219.7,32.1
2019-Q2,111.2,216.7,32.1
2019-Q3,110.2,214.6,32.2
2019-Q4,109.7,210.5,32.1
2020-Q1,109.8,212.9,32.1
2020-Q2,112.3,217.5,32.2
2020-Q3,113.4,218.7,32.4
2020-Q4,114.8,215.1,31.8
2021-Q1,115.6,227.4,32.2
2021-Q2,112.8,222.1,31.3
2021-Q3,111.2,216.8,30.6
2021-Q4,109.1,212.5,30.3
2022-Q1,107.1,208.9,30.1
2022-Q2,105.7,205.7,30.1
2022-Q3,103.9,206.2,30.3
2022-Q4,101.6,199.9,29.8
2023-Q1,100.4,190.9,28.4
2023-Q2,99.4,188.9,28.0
2023-Q3,98.7,188.8,27.9
2023-Q4,96.8,188.4,27.9
2024-Q1,96.1,184.5,27.4
2024-Q2,95.6,182.1,27.3
2024-Q3,95.3,180.2,27.1
2024-Q4,94.7,178.0,26.7
2025-Q1,94.5,175.2,26.6
2025-Q2,94.4,172.1,26.2
2025-Q3,94.5,170.4,26.3
2025-Q4,94.4,169.4,26.2
2026-Q1,94.6,168.8,26.1
